{"priya": {"value": 20, "timetolive": 0},
 "soba": {"value": 32, "timetolive": 0}, 
 "madhu": {"value": 30, "timetolive": 1606837004.5535562},
  "vandu": {"value": 40, "timetolive": 1606837294.5721903},
   "abc": {"value": 200, "timetolive": 1606837014.587907}, 
   "priyavandu": {"value": 40, "timetolive": 1606837014.588662}}